{"average_acc": 0.9668264592378197, "average_f1score": 0.7209849666928707, "accuracy_list": [0.9609261939218524, 0.9819705740472745, 0.9615291847563917, 0.9779305354558611, 0.9305957549445248, 0.9995779064158224, 0.9813072841292813, 0.9952966714905933, 0.858297153883261, 0.8997829232995659, 0.8947780993728895, 1.0, 0.9897491558128316, 0.9892064640617463, 0.9860106126386879, 0.997346840328027, 0.9902315484804631, 0.9609864930053064, 0.9928244090689822, 0.9881813796430294], "precision_list": [0.9069356872635561, -1, 0.9934117647058823, 1.0, 0.9778729478943612, -1, -1, -1, 0.7063711911357341, 0.8386132695756127, 0.7797956867196367, -1, 0.9948599331791314, 0.9781454248366013, 0.9602879126334078, -1, 0.9878290893396634, 0.9942528735632183, -1, -1], "recall_list": [0.928, -1, 0.7718464351005484, 0.31970260223048325, 0.5502008032128514, -1, -1, -1, 0.10204081632653061, 0.7143584521384929, 0.306970509383378, -1, 0.9906167363302909, 0.9851882328738942, 0.9817305252473991, -1, 0.9981683384212822, 0.21123321123321123, -1, -1], "f1_score_list": [0.9173469387755103, -1, 0.8687242798353909, 0.4845070422535211, 0.704189154459008, -1, -1, -1, 0.17832167832167833, 0.7715149848776464, 0.44052580955434434, -1, 0.9927338006496836, 0.9816541969867787, 0.9708908406524467, -1, 0.9929718004338395, 0.34843907351460224, -1, -1]}